Symbol,Name
A,Agilent Technologies Inc Common
AABA,
AAPL,Apple Inc Common
ABT,Abbott Laboratories Common
ADBE,Adobe Inc Common
ADI,Analog Devices Inc Common
ADM,Archer-Daniels-Midland Co Common
ADP,ADP
ADSK,Autodesk Inc Common
AEE,Ameren Corp Common
AEP,American Electric Power Company Inc Common
AES,AES Corp Common
AET,
AFL,Aflac Inc Common
AGN,
AIG,American International Group Inc Common
AIV,Apartment Investment and Management Co
AIZ,Assurant Inc Common
AKAM,Akamai Technologies Inc
AKS,
ALL,Allstate Corp Common
ALTR,
AMAT,Applied Materials Inc Common
AMD,Advanced Micro Devices Inc.
AMGN,Amgen Inc.
AMP,Ameriprise Financial Inc Common
AMT,American Tower Corp Common
AMZN,"Amazon.com, Inc.amazon.com"
AN,AutoNation Inc.
ANDV,
ANF,Abercrombie & Fitch Co
AON,Aon Plc A Common
APA,APA Corp Common
APC,
APD,Air Products and Chemicals Inc Common
APH,Amphenol Corp A Common
APOL,
ARG,
ATGE,"DeVry, Inc."
ATI,Allegheny Technologies Inc.
AVB,AvalonBay Communities Inc Common
AVP,
AVY,Avery Dennison Corp Common
AXP,American Express Company
AYE,
AZO,AutoZone Inc Common
BA,The Boeing Company
BAC,Bank of America Corp
BALL,Ball Corp Common
BAX,Baxter International Inc Common
BBBYQ,
BBWI,Bath & Body Works Inc Common
BBY,Best Buy Co Inc Common
BCR,
BDX,Becton Dickinson and Co Common
BEAM,
BEN,Franklin Resources Inc Common
BF.B,Brown–Forman
BIGGQ,
BIIB,Biogen Inc Common
BK,Bank of New York Mellon Corp Common
BKNG,Booking Holdings Inc Common
BKR,Baker Hughes Company Class A Common
BMC,
BMS,
BMY,Bristol-Myers Squibb Co Common
BRCM,
BRK.B,Berkshire Hathaway Inc B Common
BSX,Boston Scientific Corp Common
BTUUQ,
BXP,BXP Inc Common
C,Citigroup Inc Common
CA,
CAG,Conagra Brands Inc Common
CAH,Cardinal Health Inc Common
CAM,
CAT,Caterpillar Inc Common
CB,
CB,Chubb Ltd Common
CBRE,CBRE Group Inc A Common
CCEP,Coca-Cola Europacific Partners
CCL,Carnival Corp Common
CEG,
CELG,
CEPH,
CERN,
CF,CF Industries Holdings Inc Common
CFN,
CHKAQ,
CHRW,C.H. Robinson Worldwide Inc
CI,Cigna Group Common
CINF,Cincinnati Financial Corp Common
CL,Colgate-Palmolive Co Common
CLF,Cleveland-Cliffs Inc
CLX,Clorox Co Common
CMA,Comerica Inc Common
CMCSA,Comcast Corp A Common
CME,CME Group Inc A Common
CMI,Cummins Inc Common
CMS,CMS Energy Corp Common
CNP,CenterPoint Energy Inc Common
CNX,Consol Energy Inc.
COF,Capital One Financial Corp Common
COL,
COP,ConocoPhillips Common
COR,Cencora Inc Common
COST,Costco Wholesale Corp Common
CPB,Campbell's Co Common
CPPRQ,
CPWR,
CRM,"Salesforce, Inc."
CSCO,"Cisco Systems, Inc."
CSX,CSX Corp Common
CTAS,Cintas Corp Common
CTRA,Coterra Energy Inc Common
CTSH,Cognizant Technology Solutions Corp A Common
CTXS,
CVC,
CVH,
CVS,CVS Health Corp Common
CVX,Chevron Corp Common
D,Dominion Energy Inc Common
DD,
DE,Deere & Co Common
DELL,
DFODQ,
DFS,
DGX,Quest Diagnostics Inc Common
DHI,DR Horton Inc Common
DHR,Danaher Corp Common
DIS,The Walt Disney Company
DNB,
DNRCQ,
DOC,Healthpeak Properties Inc Common
DOFSQ,
DOV,Dover Corp Common
DOW,
DRI,Darden Restaurants Inc Common
DTE,DTE Energy Co Common
DTV,
DUK,Duke Energy Corp Common
DVA,DaVita Inc Common
DVN,Devon Energy Corp Common
DXC,DXC Technology Co
EA,Electronic Arts Inc Common
EBAY,eBay Inc
ECL,Ecolab Inc Common
ED,Consolidated Edison Inc Common
EFX,Equifax Inc Common
EIX,Edison International Common
EL,Estée Lauder Companies (The)
ELV,Elevance Health Inc Common
EMC,
EMN,Eastman Chemical Co Common
EMR,Emerson Electric Co Common
EOG,EOG Resources Inc Common
EP,
EQR,Equity Residential Common
EQT,EQT Corp Common
ES,Eversource Energy Common
ESRX,
ETFC,
ETN,Eaton Corporation PLC Common
ETR,Entergy Corp Common
EXC,Exelon Corp Common
EXPD,Expeditors Int'l of Washington Inc
EXPE,Expedia Inc
F,Ford Motor Co Common
FAST,Fastenal Co Common
FCX,Freeport-McMoRan Inc Common
FDO,
FDX,FedEx Corp Common
FE,FirstEnergy Corp Common
FFIV,F5 Networks Inc
FHI,Federated Hermes Inc
FHN,First Horizon National Corp
FI,Fiserv Inc Common
FIS,Fidelity National Information Services Common
FITB,Fifth Third Bancorp Common
FLIR,
FLR,Fluor Corp
FLS,Flowserve Corp
FMC,FMC Corp
FRX,
FSLR,First Solar Inc
FTI,
FTRCQ,
GAP,The Great Atlantic & Pacific Tea Co
GAS,
GD,General Dynamics Corp Common
GE,General Electric Co
GEN,Gen Digital Inc Common
GENZ,
GHC,Graham Holdings Co
GILD,Gilead Sciences Inc Common
GIS,General Mills Inc Common
GL,Globe Life Inc Common
GLW,Corning Inc Common
GME,GameStop Corp.
GNW,Genworth Financial Inc.
GOOGL,Alphabet Inc A Common
GPC,Genuine Parts Co Common
GR,
GS,"The Goldman Sachs Group, Inc."
GT,The Goodyear Tire & Rubber Co
GWW,WW Grainger Inc Common
HAL,Halliburton Co Common
HAR,
HAS,Hasbro Inc
HBAN,Huntington Bancshares Inc Common
HCBK,
HD,"The Home Depot, Inc."
HES,
HIG,Hartford Insurance Group Inc Common
HNZ,
HOG,Harley-Davidson Inc
HON,Honeywell International Inc.
HOT,
HP,Helmerich & Payne Inc
HPQ,Hewlett-Packard Co
HRB,H&R Block Inc
HRL,Hormel Foods Corp Common
HSH,
HSP,
HST,Host Hotels & Resorts Inc Common
HSY,Hershey Co Common
HUM,Humana Inc Common
HWM,Howmet Aerospace Inc Common
IBM,International Business Machines Corporation
ICE,Intercontinental Exchange Inc Common
IFF,International Flavors & Fragrances Inc Common
IGT,
INTC,Intel Corp Common
INTU,Intuit Inc Common
IP,International Paper Co Common
IPG,Interpublic Group of Companies Inc Common
IRM,Iron Mountain Inc Common
ISRG,Intuitive Surgical Inc Common
ITT,ITT Inc
ITW,Illinois Tool Works Inc Common
IVZ,Invesco Ltd Common
J,Jacobs Solutions Inc Common
JBL,Jabil Inc Common
JCI,
JCI,Johnson Controls International PLC Common
JEF,Jefferies Financial Group Inc
JNJ,Johnson & Johnson Common
JNPR,
JNS,
JPM,JPMorgan Chase & Co.
JWN,
K,Kellanova Common
KDP,Keurig Dr Pepper Inc Common
KEY,KeyCorp Common
KIM,Kimco Realty Common
KLAC,KLA Corp Common
KMB,Kimberly-Clark Corp Common
KMX,Carmax Inc Common
KO,The Coca-Cola Company
KR,Kroger Co Common
KSS,Kohl's Corp
L,Loews Corp Common
LDOS,Leidos Holdings Inc Common
LEG,Leggett & Platt Inc
LEN,Lennar Corp A Common
LH,Labcorp Holdings Inc Common
LHX,L3Harris Technologies Inc Common
LIFE,
LLL,
LLTC,
LLY,Eli Lilly and Co Common
LM,
LMT,Lockheed Martin Corp Common
LNC,Lincoln National Corp
LO,
LOW,Lowe's Companies Inc Common
LSI,
LUMN,Lumen Technologies Inc
LUV,Southwest Airlines Co Common
LXK,
M,Macy’s Inc
MA,Mastercard Inc A Common
MAR,Marriott International Inc A Common
MAS,Masco Corp Common
MAT,Mattel Inc
MCD,McDonald's Corporation
MCHP,Microchip Technology Inc Common
MCK,McKesson Corp Common
MCO,Moody's Corp Common
MDLZ,Mondelez International Inc
MDT,Medtronic PLC Common
MEE,
MET,MetLife Inc Common
MFE,
MHS,
MI,
MJN,
MKC,McCormick & Company Inc Non-Vtg Common
MMC,Marsh & McLennan Companies Inc Common
MMI,
MMM,3M Company
MO,Altria Group Inc Common
MOLX,
MON,
MRK,"Merck & Co., Inc."
MRO,
MS,Morgan Stanley Common
MSFT,Microsoft Corporation
MSI,Motorola Solutions Inc Common
MTB,M&T Bank Corp Common
MU,Micron Technology Inc Common
MUR,Murphy Oil Corp
MWV,
MWW,
NBL,
NBR,Nabors Industries Ltd
NDAQ,Nasdaq Inc Common
NEE,NextEra Energy Inc Common
NEM,Newmont Corporation Common
NFLX,Netflix Inc Common
NFX,
NI,NiSource Inc Common
NKE,NIKE Inc B Common
NOC,Northrop Grumman Corp Common
NOV,NOV Inc
NOVL,
NRG,NRG Energy Inc Common
NSC,Norfolk Southern Corp Common
NSM,
NTAP,NetApp Inc
NTRS,Northern Trust Corp Common
NUE,Nucor Corp Common
NVDA,NVIDIA Corp Common
NVLS,
NWL,Newell Brands Inc
NYX,
OI,Owens-Illinois Inc.
OKE,ONEOK Inc Common
OMC,Omnicom Group Inc Common
ORCL,Oracle Corp
ORLY,O'Reilly Automotive
OXY,Occidental Petroleum Corp Common
PAYX,Paychex Inc Common
PBCT,
PBI,Pitney Bowes Inc
PCAR,Paccar Inc Common
PCG,PG&E Corp Common
PCL,
PCP,
PDCO,
PEG,Public Service Enterprise Group Inc Common
PEP,PepsiCo Inc Common
PFE,Pfizer Inc
PFG,Principal Financial Group Inc Common
PG,The Procter & Gamble Company
PGN,
PGR,Progressive Corp Common
PH,Parker-Hannifin Corp Common
PHM,Pultegroup Inc Common
PLD,
PLL,
PM,Philip Morris International Inc Common
PNC,PNC Financial Services Group Inc Common
PNW,Pinnacle West Capital Corp Common
POM,
PPG,PPG Industries Inc Common
PPL,PPL Corp Common
PRU,Prudential Financial Inc Common
PSA,Public Storage Common
PSKY,Paramount Skydance Corp B Common
PWR,Quanta Services Inc Common
PX,
PXD,
Q,
QCOM,Qualcomm Inc Common
QEP,
R,Ryder System Inc
RAI,
RDC,
RF,Regions Financial Corp Common
RHI,Robert Half Inc Common
RHT,
RL,Ralph Lauren Corp A Common
ROK,Rockwell Automation Inc Common
ROP,Roper Technologies Inc Common
ROST,Ross Stores Inc Common
RRC,Range Resources Corp.
RRD,
RSG,Republic Services Inc Common
RSHCQ,
RTN,
RTX,Raytheon Technologies Corp
RVTY,Revvity Inc Common
S,
SBUX,Starbucks Corp Common
SCG,
SCHW,Charles Schwab Corp Common
SE,
SEE,Sealed Air Corp
SHLDQ,
SHW,Sherwin-Williams Co Common
SIAL,
SJM,J M Smucker Co Common
SLB,Schlumberger NV Common
SLM,SLM Corp.
SNA,Snap-On Inc Common
SNDK,
SNI,
SO,Southern Co Common
SPG,Simon Property Group Common
SPGI,S&P Global Inc Common
SPLS,
SRCL,
SRE,Sempra Common
STI,
STJ,
STT,State Street Corp Common
STZ,Constellation Brands Inc A Common
SUN,
SUNEQ,
SVU,
SWK,Stanley Black & Decker Inc Common
SWN,
SWY,
SYK,Stryker Corp Common
SYY,Sysco Corp Common
T,AT&T Inc
TAP,Molson Coors Beverage Co B Common
TDC,Teradata Corp.
TE,
TEG,
TER,Teradyne Inc Common
TFC,Truist Financial Corp Common
TFCFA,
TGNA,TEGNA Inc
TGT,Target Corp Common
THC,Tenet Healthcare Corp.
TIE,
TIF,
TJX,TJX Companies Inc Common
TLAB,
TMO,Thermo Fisher Scientific Inc Common
TMUS,T-Mobile US Inc Common
TNL,
TPR,Tapestry Inc Common
TROW,T Rowe Price Group Inc Common
TRV,"The Travelers Companies, Inc."
TSN,Tyson Foods Inc A Common
TSS,
TT,Trane Technologies PLC Common
TWC,
TWX,
TXN,Texas Instruments Inc Common
TXT,Textron Inc Common
UNH,UnitedHealth Group Incorporated
UNM,Unum Group
UNP,Union Pacific Corp Common
UPS,United Parcel Service Inc B Common
URBN,Urban Outfitters Inc
USB,US Bancorp Common
V,Visa Inc A Common
VAR,
VFC,VF Corp Common
VIAB,
VIAV,VIAVI Solutions Inc
VLO,Valero Energy Corp Common
VMC,Vulcan Materials Co Common
VNO,Vornado Realty Trust
VRSN,VeriSign Inc
VTR,Ventas Inc Common
VTRS,Viatris Inc
VZ,Verizon Communications Inc.
WAT,Waters Corp Common
WBA,
WBD,Warner Bros Discovery Inc A Common
WDC,Western Digital Corp
WEC,WEC Energy Group Inc Common
WELL,Welltower Inc Common
WFC,Wells Fargo & Co Common
WFM,
WHR,Whirlpool Corp
WINMQ,
WM,Waste Management Inc Common
WMB,Williams Companies Inc Common
WMT,Walmart Inc.
WU,The Western Union Co
WY,Weyerhaeuser Co Common
WYNN,Wynn Resorts Ltd
X,
XEL,Xcel Energy Inc Common
XL,
XLNX,
XOM,Exxon Mobil Corp
XRAY,Dentsply Sirona Inc
XRX,Xerox Holdings Corp
YUM,Yum! Brands Inc Common
ZBH,Zimmer Biomet Holdings Inc Common
ZION,Zion Bancorp
