Symbol,Name
AALR3.SA,Alliar Rg
ABCB4.SA,ABC Br Pfd Rg
ABEV3.SA,Ambev SA
AERI3.SA,Aeris Industria Rg
AESB3.SA,AES BRAS ENERG RG
AFYA.SA,AFYA LTD CL A CMN SH
AGRO3.SA,BrasilAgro NM Rg
ALPA4.SA,Alpargatas Pfd N1
ALSO3.SA,Aliansce Sonae Rg
ALUP11.SA,Alupar Invst Uts N2
AMAR3.SA,Marisa Lojas NM Rg
AMBP3.SA,Ambipar Particip Rg
AMER3.SA,Americanas Rg
ANIM3.SA,Anima Hldg NM Rg
ARCE.SA,ARCO PLATFORM CMN A
ARML3.SA,ARMAC LOCACAO RG
ARZZ3.SA,Arezzo Ind NM Rg
ASAI3.SA,Sendas Distrib Rg
AURE3.SA,Auren Energia Rg
AZUL4.SA,Azul Pfd Rg
B3SA3.SA,B3 Rg
BBAS3.SA,Banco do Brasil NM
BBDC3.SA,Bradesco N1
BBDC4.SA,Bradesco Pfd N1
BBSE3.SA,BB Seguridade Rg
BEEF3.SA,Minerva NM Rg
BIDI11.SA,Banco Inter Uts
BIDI3.SA,Banco Inter Rg
BIDI4.SA,Banco Inter PP Rg
BKBR3.SA,BK Brasil Rg
BOAS3.SA,Boa Vista Serv Rg
BPAC11.SA,Bco BTG Pact Uts
BPAN4.SA,Banco Pan Pfd Rg
BRAP4.SA,Bradespar Pfd Rg
BRBI11.SA,BR Adv Particip Uts
BRFS3.SA,BRF NM Rg
BRKM5.SA,Braskem Pfd Rg-A
BRML3.SA,BR Malls Part NM Rg
BRPR3.SA,BR Properties NM Rg
BRSR6.SA,Banrisul Pfd Rg-B-B
CAML3.SA,Camil Alimentos Rg
CASH3.SA,Meliuz Rg
CBAV3.SA,CIA BRASIL RG
CCRO3.SA,CCR NM Rg
CEAB3.SA,C&A Rg-144A Reg S
CIEL3.SA,Cielo Rg
CMIG3.SA,Cemig N1
CMIG4.SA,Cemig Pfd N1
COGN3.SA,Kroton Educacion Rg
CPLE6.SA,Copel Pfd Rg-B
CRFB3.SA,Atacadao Rg
CSAN3.SA,Cosan Rg
CSED3.SA,Cruz Sul Educ Rg
CSMG3.SA,Cia Saneament MG Rg
CSNA3.SA,Sid Nacional Rg
CVCB3.SA,CVC Brasil NM Rg
CXSE3.SA,CAIXA Seguridade Rg
CYRE3.SA,Cyrela Brazil Rg
DIRR3.SA,Direcional NM Rg
DXCO3.SA,Dexco Rg
ECOR3.SA,EcoRodovias NM Rg
EGIE3.SA,ENGIE Brasil Rg
ELET3.SA,Eletrobras N1
ELET6.SA,Eletrobras Vz N-B
EMBR3.SA,Embraer NM Rg
ENAT3.SA,Enauta Particip Rg
ENBR3.SA,Energias do Brsl Rg
ENEV3.SA,Eneva NM Rg
ENGI11.SA,Energisa Uts N2
EQTL3.SA,Eqtl Energia NM Rg
ESPA3.SA,MPM Corp Rg
EVEN3.SA,Even Constr NM Rg
EZTC3.SA,Ez Tec NM Rg
FESA4.SA,Ferbasa Pfd N1
FLRY3.SA,Fleury NM Rg
GETT11.SA,Getnet Adq Uts
GGBR4.SA,Gerdau Pfd Rg
GGPS3.SA,GPS Part Empren Rg
GMAT3.SA,Grupo Mateus Rg
GOAU4.SA,Gerdau Met Pfd Rg
GOLL4.SA,GOL Lin Aere Pfd Rg
GRND3.SA,Grendene NM Rg
HAPV3.SA,Hapvida Rg
HBSA3.SA,Hidrovias Brasil Rg
HYPE3.SA,Hypera NM Rg
IFCM3.SA,Infracomm Cxs Rg
IGTI3.SA,Iguatemi Rg
INTB3.SA,Intelbras Rg
IRBR3.SA,IRB Brasil Resse Rg
ITSA4.SA,Itausa Pfd N1
ITUB4.SA,Itauunibanco Pfd Rg
JALL3.SA,Jalles Machado Rg
JBSS3.SA,JBS NM Rg
JHSF3.SA,JHSF Part NM Rg
JSLG3.SA,JSL Rg
KLBN11.SA,Klabin CDA
LCAM3.SA,Cia Locacao Amer Rg
LEVE3.SA,Mahle-Metal Leve NM
LIGT3.SA,Light NM Rg
LJQQ3.SA,Lojas Quero Rg
LOGG3.SA,Log Properties Rg
LOGN3.SA,Log-In Logist NM Rg
LREN3.SA,Lojas Renner NM Rg
LWSA3.SA,Locaw Rg-Unty
MATD3.SA,Hosp Mater Dei Rg
MDIA3.SA,M Dias Branco NM Rg
MEGA3.SA,Omega Energia Rg
MGLU3.SA,Magazine Luiza N Rg
MILS3.SA,Mills NM Rg
MLAS3.SA,MULTILASER IND RG
MODL11.SA,Banco Modal Uts
MOVI3.SA,Movida Part Rg
MRFG3.SA,Marfrig Global N Rg
MRVE3.SA,MRV Engenharia N Rg
MULT3.SA,Multiplan Empr N Rg
MYPK3.SA,Iochpe Maxion NM Rg
NEXA.SA,NEXA RESOURCES S.A.
NTCO3.SA,Natura Co Hldg Rg
ODPV3.SA,Odontoprev NM Rg
OIBR3.SA,Oi N1 Rg
ONCO3.SA,Oncoclinicas Rg
PAGS.SA,PAGSEGURO DIGITAL LT
PCAR3.SA,Cia Brasileira N Rg
PETR3.SA,Petrobras Rg
PETR4.SA,Petrobras Pfd Rg
PETZ3.SA,Pet Center Rg
PGMN3.SA,Empreend PM Rg-Unty
PNVL3.SA,Dimed Rg
POMO3.SA,Marcopolo N2 Rg
POMO4.SA,Marcopolo Pfd Rg
PRIO3.SA,Prio NM Rg
PSSA3.SA,Porto Seguro NM Rg
QUAL3.SA,Qualicorp NM Rg
RADL3.SA,Raia Drogasil NM Rg
RAIL3.SA,Rumo Rg
RAIZ4.SA,RAIZEN NCPP RG
RAPT4.SA,Randon Part Pfd Rg
RDOR3.SA,Rede Dor Sao Lui Rg
RECV3.SA,Petroreconcavo Rg
RENT3.SA,Localiza Rent NM Rg
RRRP3.SA,3R Petr Oleo Gas Rg
SANB11.SA,Santander Br Uts N2
SAPR11.SA,Sanepar Uts N2
SAPR3.SA,Sanepar Rg
SAPR4.SA,Sanepar Pfd Rg
SBFG3.SA,Grupo SBF Rg
SBSP3.SA,Sabesp NM Rg
SEER3.SA,Ser Educacional  Rg
SEQL3.SA,Sequoia Logistic Rg
SIMH3.SA,Simpar Rg
SLCE3.SA,SLC Agricola NM Rg
SMFT3.SA,Smartfit Escola Rg
SMTO3.SA,Sao Martinho NM Rg
SOMA3.SA,Grupo Soma Rg
STBP3.SA,Santos BRP NM Rg
STNE.SA,STONECO LTD CL A CMN
SULA11.SA,Sul America CDA N2
SUZB3.SA,Suzano Rg
TAEE11.SA,Tran Alianca CDA N2
TASA4.SA,Taurus Armas Pfd Rg
TEND3.SA,Tenda Rg
TGMA3.SA,Tegma Gestao NM Rg
TIMS3.SA,TIM Rg
TOTS3.SA,Totvs NM Rg
TRIS3.SA,Trisul NM Rg
TRPL4.SA,Tran Paulist Pfd Rg
TTEN3.SA,TRES TENTOS RG
TUPY3.SA,Tupy NM Rg
UGPA3.SA,Ultrapar NM Rg
UNIP6.SA,Unipar Vz N-B
USIM5.SA,Usiminas Pfd Rg-A
VALE3.SA,Vale N1
VBBR3.SA,Vibra Rg
VIIA3.SA,Via Rg
VINP.SA,VINCI PARTNRS CM A
VIVA3.SA,Vivara Particip Rg
VIVT3.SA,Telefonica Br Rg
VULC3.SA,Vulcabras - azaleia
VVEO3.SA,CM HOSPITALAR RG
WEGE3.SA,Weg NM Rg
WIZS3.SA,Wiz Solucoes Rg
YDUQ3.SA,YDUQS Particip Rg
